run_id,scenario,res_profile,rep,records_in,records_out,errors,duration_s,throughput_recs_s,pod_cpu_peak_m,pod_mem_peak_mi,notes
mw-fsweep_csv-L-rep1,fsweep_csv,L,1,100000,100000,0,4.0,25000.0,20,574,rows=1 statuses=success nodes=trishul-ram-worker-0; bytes_in/rec=271.8; peak_pod=kafka-0
mw-fsweep_json-L-rep1,fsweep_json,L,1,100000,100000,0,2.5,40000.0,12,574,rows=1 statuses=success nodes=trishul-ram-worker-0; bytes_in/rec=523.8; peak_pod=kafka-0
mw-fsweep_parquet-L-rep1,fsweep_parquet,L,1,100000,100000,0,6.5,15384.6,106,574,rows=1 statuses=success nodes=trishul-ram-worker-0; bytes_in/rec=191.8; peak_pod=trishul-ram-worker-0
mw-fsweep_csv-L-rep2,fsweep_csv,L,2,100000,100000,0,4.2,23809.5,13,636,rows=1 statuses=success nodes=trishul-ram-worker-0; bytes_in/rec=271.8; peak_pod=kafka-0
mw-fsweep_json-L-rep2,fsweep_json,L,2,100000,100000,0,2.8,35714.3,55,636,rows=1 statuses=success nodes=trishul-ram-worker-0; bytes_in/rec=523.8; peak_pod=trishul-ram-worker-0
mw-fsweep_parquet-L-rep2,fsweep_parquet,L,2,100000,100000,0,6.9,14492.8,134,636,rows=1 statuses=success nodes=trishul-ram-worker-0; bytes_in/rec=191.8; peak_pod=trishul-ram-worker-0
mw-fsweep_csv-M-rep1,fsweep_csv,M,1,100000,100000,0,1.8,55555.6,42,656,rows=1 statuses=success nodes=trishul-ram-worker-0; bytes_in/rec=271.8; peak_pod=trishul-ram-worker-0
mw-fsweep_ndjson-M-rep1,fsweep_ndjson,M,1,100000,100000,0,2.0,50000.0,17,656,rows=1 statuses=success nodes=trishul-ram-worker-0; bytes_in/rec=522.8; peak_pod=trishul-ram-worker-0
mw-fsweep_json-M-rep1,fsweep_json,M,1,100000,100000,0,1.2,83333.3,15,655,rows=1 statuses=success nodes=trishul-ram-worker-0; bytes_in/rec=523.8; peak_pod=trishul-ram-worker-0
mw-fsweep_xml-M-rep1,fsweep_xml,M,1,100000,100000,0,10.6,9434.0,284,656,rows=1 statuses=success nodes=trishul-ram-worker-0; bytes_in/rec=691.8; peak_pod=trishul-ram-worker-0
mw-fsweep_pmxml-M-rep1,fsweep_pmxml,M,1,100000,100000,0,8.5,11764.7,326,656,rows=1 statuses=success nodes=trishul-ram-worker-0; bytes_in/rec=304.7; peak_pod=trishul-ram-worker-0
mw-fsweep_msgpack-M-rep1,fsweep_msgpack,M,1,100000,100000,0,0.7,142857.1,13,656,rows=1 statuses=success nodes=trishul-ram-worker-0; bytes_in/rec=447.1; peak_pod=trishul-ram-manager-0
mw-fsweep_avro-M-rep1,fsweep_avro,M,1,100000,100000,0,3.5,28571.4,12,656,rows=1 statuses=success nodes=trishul-ram-worker-0; bytes_in/rec=253.9; peak_pod=kafka-0
mw-fsweep_protobuf-M-rep1,fsweep_protobuf,M,1,100000,100000,0,10.3,9708.7,347,656,rows=1 statuses=success nodes=trishul-ram-worker-0; bytes_in/rec=280.0; peak_pod=trishul-ram-worker-0
mw-fsweep_parquet-M-rep1,fsweep_parquet,M,1,100000,100000,0,3.2,31250.0,101,655,rows=1 statuses=success nodes=trishul-ram-worker-0; bytes_in/rec=191.8; peak_pod=trishul-ram-worker-0
mw-fsweep_csv-M-rep2,fsweep_csv,M,2,100000,100000,0,2.2,45454.5,27,668,rows=1 statuses=success nodes=trishul-ram-worker-0; bytes_in/rec=271.8; peak_pod=trishul-ram-worker-0
mw-fsweep_ndjson-M-rep2,fsweep_ndjson,M,2,100000,100000,0,2.6,38461.5,89,667,rows=1 statuses=success nodes=trishul-ram-worker-0; bytes_in/rec=522.8; peak_pod=trishul-ram-worker-0
mw-fsweep_json-M-rep2,fsweep_json,M,2,100000,100000,0,1.6,62500.0,13,667,rows=1 statuses=success nodes=trishul-ram-worker-0; bytes_in/rec=523.8; peak_pod=kafka-0
mw-fsweep_xml-M-rep2,fsweep_xml,M,2,100000,100000,0,14.4,6944.4,442,666,rows=1 statuses=success nodes=trishul-ram-worker-0; bytes_in/rec=691.8; peak_pod=trishul-ram-worker-0
mw-fsweep_pmxml-M-rep2,fsweep_pmxml,M,2,100000,100000,0,11.1,9009.0,415,664,rows=1 statuses=success nodes=trishul-ram-worker-0; bytes_in/rec=304.7; peak_pod=trishul-ram-worker-0
mw-fsweep_msgpack-M-rep2,fsweep_msgpack,M,2,100000,100000,0,0.8,125000.0,20,663,rows=1 statuses=success nodes=trishul-ram-worker-0; bytes_in/rec=447.1; peak_pod=trishul-ram-worker-2
mw-fsweep_avro-M-rep2,fsweep_avro,M,2,100000,100000,0,3.8,26315.8,134,663,rows=1 statuses=success nodes=trishul-ram-worker-0; bytes_in/rec=253.9; peak_pod=trishul-ram-worker-0
mw-fsweep_protobuf-M-rep2,fsweep_protobuf,M,2,100000,100000,0,10.7,9345.8,329,662,rows=1 statuses=success nodes=trishul-ram-worker-0; bytes_in/rec=280.0; peak_pod=trishul-ram-worker-0
mw-fsweep_parquet-M-rep2,fsweep_parquet,M,2,100000,100000,0,3.3,30303.0,145,661,rows=1 statuses=success nodes=trishul-ram-worker-0; bytes_in/rec=191.8; peak_pod=trishul-ram-worker-0
mw-fsweep_csv-H-rep1,fsweep_csv,H,1,100000,100000,0,1.1,90909.1,86,654,rows=1 statuses=success nodes=trishul-ram-worker-0; bytes_in/rec=271.8; peak_pod=trishul-ram-worker-0
mw-fsweep_json-H-rep1,fsweep_json,H,1,100000,100000,0,0.9,111111.1,80,654,rows=1 statuses=success nodes=trishul-ram-worker-0; bytes_in/rec=523.8; peak_pod=trishul-ram-worker-0
mw-fsweep_parquet-H-rep1,fsweep_parquet,H,1,100000,100000,0,2.2,45454.5,183,653,rows=1 statuses=success nodes=trishul-ram-worker-0; bytes_in/rec=191.8; peak_pod=trishul-ram-worker-0
mw-fsweep_csv-H-rep2,fsweep_csv,H,2,100000,100000,0,1.6,62500.0,11,671,rows=1 statuses=success nodes=trishul-ram-worker-0; bytes_in/rec=271.8; peak_pod=kafka-0
mw-fsweep_json-H-rep2,fsweep_json,H,2,100000,100000,0,0.7,142857.1,51,671,rows=1 statuses=success nodes=trishul-ram-worker-0; bytes_in/rec=523.8; peak_pod=trishul-ram-worker-0
mw-fsweep_parquet-H-rep2,fsweep_parquet,H,2,100000,100000,0,1.8,55555.6,116,657,rows=1 statuses=success nodes=trishul-ram-worker-0; bytes_in/rec=191.8; peak_pod=trishul-ram-worker-0
