run_id,scenario,res_profile,rep,records_in,records_out,errors,duration_s,throughput_recs_s,pod_cpu_peak_m,pod_mem_peak_mi,notes
mw-fsweep_csv-M-rep1,fsweep_csv,M,1,100000,100000,0,1.8,55555.6,199,1056,rows=1 statuses=success nodes=trishul-ram-worker-0; bytes_in/rec=271.8; peak_pod=trishul-ram-worker-2; post-restart
mw-fsweep_csv-M-rep2,fsweep_csv,M,2,100000,100000,0,1.7,58823.5,9,1057,rows=1 statuses=success nodes=trishul-ram-worker-0; bytes_in/rec=271.8; peak_pod=kafka-0; post-restart
mw-fsweep_ndjson-M-rep1,fsweep_ndjson,M,1,100000,100000,0,1.8,55555.6,63,1057,rows=1 statuses=success nodes=trishul-ram-worker-0; bytes_in/rec=522.8; peak_pod=trishul-ram-worker-0; post-restart
mw-fsweep_ndjson-M-rep2,fsweep_ndjson,M,2,100000,100000,0,1.8,55555.6,8,1057,rows=1 statuses=success nodes=trishul-ram-worker-0; bytes_in/rec=522.8; peak_pod=kafka-0; post-restart
mw-fsweep_json-M-rep1,fsweep_json,M,1,100000,100000,0,1.2,83333.3,12,1057,rows=1 statuses=success nodes=trishul-ram-worker-0; bytes_in/rec=523.8; peak_pod=trishul-ram-manager-0; post-restart
mw-fsweep_json-M-rep2,fsweep_json,M,2,100000,100000,0,1.1,90909.1,10,1057,rows=1 statuses=success nodes=trishul-ram-worker-0; bytes_in/rec=523.8; peak_pod=kafka-0; post-restart
mw-fsweep_xml-M-rep1,fsweep_xml,M,1,100000,100000,0,8.7,11494.3,118,1057,rows=1 statuses=success nodes=trishul-ram-worker-0; bytes_in/rec=691.8; peak_pod=trishul-ram-worker-0; post-restart
mw-fsweep_xml-M-rep2,fsweep_xml,M,2,100000,100000,0,8.6,11627.9,226,1057,rows=1 statuses=success nodes=trishul-ram-worker-0; bytes_in/rec=691.8; peak_pod=trishul-ram-worker-0; post-restart
mw-fsweep_pmxml-M-rep1,fsweep_pmxml,M,1,100000,100000,0,7.6,13157.9,95,1057,rows=1 statuses=success nodes=trishul-ram-worker-0; bytes_in/rec=304.7; peak_pod=trishul-ram-worker-0; post-restart
mw-fsweep_pmxml-M-rep2,fsweep_pmxml,M,2,100000,100000,0,8.3,12048.2,246,1057,rows=1 statuses=success nodes=trishul-ram-worker-0; bytes_in/rec=304.7; peak_pod=trishul-ram-worker-0; post-restart
mw-fsweep_avro-M-rep1,fsweep_avro,M,1,100000,100000,0,3.4,29411.8,55,1057,rows=1 statuses=success nodes=trishul-ram-worker-0; bytes_in/rec=253.9; peak_pod=trishul-ram-worker-0; post-restart
mw-fsweep_avro-M-rep2,fsweep_avro,M,2,100000,100000,0,3.3,30303.0,107,1057,rows=1 statuses=success nodes=trishul-ram-worker-0; bytes_in/rec=253.9; peak_pod=trishul-ram-worker-0; post-restart
mw-fsweep_msgpack-M-rep1,fsweep_msgpack,M,1,100000,100000,0,0.8,125000.0,195,1058,rows=1 statuses=success nodes=trishul-ram-worker-0; bytes_in/rec=447.1; peak_pod=trishul-ram-worker-2; post-restart
mw-fsweep_msgpack-M-rep2,fsweep_msgpack,M,2,100000,100000,0,0.6,166666.7,26,1058,rows=1 statuses=success nodes=trishul-ram-worker-0; bytes_in/rec=447.1; peak_pod=trishul-ram-worker-0; post-restart
mw-fsweep_protobuf-M-rep1,fsweep_protobuf,M,1,100000,100000,0,9.7,10309.3,30,1058,rows=1 statuses=success nodes=trishul-ram-worker-0; bytes_in/rec=280.0; peak_pod=trishul-ram-worker-0; post-restart
mw-fsweep_protobuf-M-rep2,fsweep_protobuf,M,2,100000,100000,0,9.6,10416.7,239,1058,rows=1 statuses=success nodes=trishul-ram-worker-0; bytes_in/rec=280.0; peak_pod=trishul-ram-worker-0; post-restart
mw-fsweep_parquet-M-rep1,fsweep_parquet,M,1,100000,100000,0,1.4,71428.6,29,1058,rows=1 statuses=success nodes=trishul-ram-worker-0; bytes_in/rec=189.0; peak_pod=trishul-ram-worker-0; post-restart
mw-fsweep_parquet-M-rep2,fsweep_parquet,M,2,100000,100000,0,1.2,83333.3,28,1058,rows=1 statuses=success nodes=trishul-ram-worker-0; bytes_in/rec=189.0; peak_pod=trishul-ram-worker-0; post-restart
mw-fsweep_csv-L-rep1,fsweep_csv,L,1,100000,100000,0,3.7,27027.0,106,1048,rows=1 statuses=success nodes=trishul-ram-worker-0; bytes_in/rec=271.8; peak_pod=trishul-ram-worker-2; post-restart
mw-fsweep_csv-L-rep2,fsweep_csv,L,2,100000,100000,0,3.4,29411.8,8,1048,rows=1 statuses=success nodes=trishul-ram-worker-0; bytes_in/rec=271.8; peak_pod=kafka-0; post-restart
mw-fsweep_json-L-rep1,fsweep_json,L,1,100000,100000,0,2.4,41666.7,51,1048,rows=1 statuses=success nodes=trishul-ram-worker-0; bytes_in/rec=523.8; peak_pod=trishul-ram-worker-0; post-restart
mw-fsweep_json-L-rep2,fsweep_json,L,2,100000,100000,0,2.3,43478.3,9,1048,rows=1 statuses=success nodes=trishul-ram-worker-0; bytes_in/rec=523.8; peak_pod=trishul-ram-manager-0; post-restart
mw-fsweep_parquet-L-rep1,fsweep_parquet,L,1,100000,100000,0,3.3,30303.0,8,1048,rows=1 statuses=success nodes=trishul-ram-worker-0; bytes_in/rec=189.0; peak_pod=kafka-0; post-restart
mw-fsweep_parquet-L-rep2,fsweep_parquet,L,2,100000,100000,0,2.6,38461.5,8,1048,rows=1 statuses=success nodes=trishul-ram-worker-0; bytes_in/rec=189.0; peak_pod=kafka-0; post-restart
mw-fsweep_csv-H-rep1,fsweep_csv,H,1,100000,100000,0,0.9,111111.1,403,1048,rows=1 statuses=success nodes=trishul-ram-worker-0; bytes_in/rec=271.8; peak_pod=trishul-ram-worker-2; post-restart
mw-fsweep_csv-H-rep2,fsweep_csv,H,2,100000,100000,0,0.9,111111.1,8,1048,rows=1 statuses=success nodes=trishul-ram-worker-0; bytes_in/rec=271.8; peak_pod=kafka-0; post-restart
mw-fsweep_json-H-rep1,fsweep_json,H,1,100000,100000,0,0.6,166666.7,8,1048,rows=1 statuses=success nodes=trishul-ram-worker-0; bytes_in/rec=523.8; peak_pod=kafka-0; post-restart
mw-fsweep_json-H-rep2,fsweep_json,H,2,100000,100000,0,0.6,166666.7,9,1048,rows=1 statuses=success nodes=trishul-ram-worker-0; bytes_in/rec=523.8; peak_pod=kafka-0; post-restart
mw-fsweep_parquet-H-rep1,fsweep_parquet,H,1,100000,100000,0,0.6,166666.7,54,1048,rows=1 statuses=success nodes=trishul-ram-worker-0; bytes_in/rec=189.0; peak_pod=trishul-ram-worker-0; post-restart
mw-fsweep_parquet-H-rep2,fsweep_parquet,H,2,100000,100000,0,0.5,200000.0,8,1048,rows=1 statuses=success nodes=trishul-ram-worker-0; bytes_in/rec=189.0; peak_pod=kafka-0; post-restart
