ts,pod,cpu,memory
2026-09-30T09:25:52.096859+00:00,kafka-0,8m,1048Mi
2026-09-30T09:25:52.096859+00:00,sftp-0,2m,37Mi
2026-09-30T09:25:52.096859+00:00,trishul-ram-manager-0,5m,150Mi
2026-09-30T09:25:52.096859+00:00,trishul-ram-worker-0,9m,499Mi
2026-09-30T09:25:52.096859+00:00,trishul-ram-worker-1,4m,212Mi
2026-09-30T09:25:52.096859+00:00,trishul-ram-worker-2,4m,212Mi
2026-09-30T09:25:57.181475+00:00,kafka-0,8m,1048Mi
2026-09-30T09:25:57.181475+00:00,sftp-0,2m,37Mi
2026-09-30T09:25:57.181475+00:00,trishul-ram-manager-0,48m,167Mi
2026-09-30T09:25:57.181475+00:00,trishul-ram-worker-0,393m,497Mi
2026-09-30T09:25:57.181475+00:00,trishul-ram-worker-1,6m,213Mi
2026-09-30T09:25:57.181475+00:00,trishul-ram-worker-2,6m,212Mi
2026-09-30T09:26:02.262212+00:00,kafka-0,8m,1048Mi
2026-09-30T09:26:02.262212+00:00,sftp-0,2m,37Mi
2026-09-30T09:26:02.262212+00:00,trishul-ram-manager-0,48m,167Mi
2026-09-30T09:26:02.262212+00:00,trishul-ram-worker-0,393m,497Mi
2026-09-30T09:26:02.262212+00:00,trishul-ram-worker-1,6m,213Mi
2026-09-30T09:26:02.262212+00:00,trishul-ram-worker-2,6m,212Mi
